[
  {
    "code": "11",
    "word": "北京市,北京"
  },
  {
    "code": "12",
    "word": "天津市,天津"
  },
  {
    "code": "13",
    "word": "河北省,河北"
  },
  {
    "code": "14",
    "word": "山西省,山西"
  },
  {
    "code": "15",
    "word": "内蒙古自治区,内蒙古"
  },
  {
    "code": "21",
    "word": "辽宁省,辽宁"
  },
  {
    "code": "22",
    "word": "吉林省,吉林"
  },
  {
    "code": "23",
    "word": "黑龙江省,黑龙江"
  },
  {
    "code": "31",
    "word": "上海市,上海"
  },
  {
    "code": "32",
    "word": "江苏省,江苏"
  },
  {
    "code": "33",
    "word": "浙江省,浙江"
  },
  {
    "code": "34",
    "word": "安徽省,安徽"
  },
  {
    "code": "35",
    "word": "福建省,福建"
  },
  {
    "code": "36",
    "word": "江西省,江西"
  },
  {
    "code": "37",
    "word": "山东省,山东"
  },
  {
    "code": "41",
    "word": "河南省,河南"
  },
  {
    "code": "42",
    "word": "湖北省,湖北"
  },
  {
    "code": "43",
    "word": "湖南省,湖南"
  },
  {
    "code": "44",
    "word": "广东省,广东"
  },
  {
    "code": "45",
    "word": "广西壮族自治区,广西"
  },
  {
    "code": "46",
    "word": "海南省,海南"
  },
  {
    "code": "50",
    "word": "重庆市,重庆"
  },
  {
    "code": "51",
    "word": "四川省,四川"
  },
  {
    "code": "52",
    "word": "贵州省,贵州"
  },
  {
    "code": "53",
    "word": "云南省,云南"
  },
  {
    "code": "54",
    "word": "西藏自治区,西藏"
  },
  {
    "code": "61",
    "word": "陕西省,陕西"
  },
  {
    "code": "62",
    "word": "甘肃省,甘肃"
  },
  {
    "code": "63",
    "word": "青海省,青海"
  },
  {
    "code": "64",
    "word": "宁夏回族自治区,宁夏"
  },
  {
    "code": "65",
    "word": "新疆维吾尔自治区,新疆"
  },
  {
    "code": "1101",
    "word": "东城区,西城区,朝阳区,丰台区,石景山区,海淀区,门头沟区,房山区,通州区,顺义区,昌平区,大兴区,怀柔区,平谷区,密云区,延庆区,东城,西城,朝阳,丰台,石景山,海淀,门头沟,房山,通州,顺义,昌平,大兴,怀柔,平谷,密云,延庆"
  },
  {
    "code": "1201",
    "word": "和平区,河东区,河西区,南开区,河北区,红桥区,东丽区,西青区,津南区,北辰区,武清区,宝坻区,滨海新区,宁河区,静海区,蓟州区,河东,南开,河北,红桥,东丽,西青,津南,北辰,武清,宝坻,滨海新,静海,蓟州"
  },
  {
    "code": "1301",
    "word": "长安区,桥西区,新华区,井陉矿区,裕华区,藁城区,鹿泉区,栾城区,井陉县,正定县,行唐县,灵寿县,高邑县,深泽县,赞皇县,无极县,平山县,元氏县,赵县,石家庄高新技术产业开发区,石家庄循环化工园区,辛集市,晋州市,新乐市,长安,桥西,新华,井陉矿,裕华,藁城,鹿泉,栾城,井陉,正定,行唐,灵寿,高邑,深泽,赞皇,平山,元氏,石家庄高新技术产业开发,石家庄循环化工园,辛集市,晋州市,新乐市"
  },
  {
    "code": "1302",
    "word": "路南区,路北区,古冶区,开平区,丰南区,丰润区,曹妃甸区,滦南县,乐亭县,迁西县,玉田县,唐山市芦台经济技术开发区,唐山市汉沽管理区,唐山高新技术产业开发区,河北唐山海港经济开发区,遵化市,迁安市,滦州市,路南,路北,古冶,开平,丰南,丰润,曹妃甸,滦南,乐亭,迁西,玉田,唐山市芦台经济技术开发,唐山市汉沽管理,唐山高新技术产业开发,河北唐山海港经济开发,遵化市,迁安市,滦州市"
  },
  {
    "code": "1303",
    "word": "海港区,山海关区,北戴河区,抚宁区,青龙满族自治县,昌黎县,卢龙县,秦皇岛市经济技术开发区,北戴河新区,海港,山海关,北戴河,抚宁,青龙满族自治,昌黎,卢龙,秦皇岛市经济技术开发,北戴河新"
  },
  {
    "code": "1304",
    "word": "邯山区,丛台区,复兴区,峰峰矿区,肥乡区,永年区,临漳县,成安县,大名县,涉县,磁县,邱县,鸡泽县,广平县,馆陶县,魏县,曲周县,邯郸经济技术开发区,邯郸冀南新区,武安市,邯山,丛台,复兴,峰峰矿,肥乡,永年,临漳,成安,大名,鸡泽,广平,馆陶,曲周,邯郸经济技术开发,邯郸冀南新,武安市"
  },
  {
    "code": "1305",
    "word": "桥东区,桥西区,邢台县,临城县,内丘县,柏乡县,隆尧县,任县,南和县,宁晋县,巨鹿县,新河县,广宗县,平乡县,威县,清河县,临西县,河北邢台经济开发区,南宫市,沙河市,桥东,桥西,邢台,临城,内丘,柏乡,隆尧,南和,宁晋,巨鹿,广宗,平乡,清河,临西,河北邢台经济开发,南宫市,沙河市"
  },
  {
    "code": "1306",
    "word": "竞秀区,莲池区,满城区,清苑区,徐水区,涞水县,阜平县,定兴县,唐县,高阳县,容城县,涞源县,望都县,安新县,易县,曲阳县,蠡县,顺平县,博野县,雄县,保定高新技术产业开发区,保定白沟新城,涿州市,定州市,安国市,高碑店市,竞秀,莲池,满城,清苑,徐水,涞水,阜平,定兴,高阳,容城,涞源,望都,安新,曲阳,顺平,博野,保定高新技术产业开发,保定白沟新城,涿州市,定州市,安国市,高碑店市"
  },
  {
    "code": "1307",
    "word": "桥东区,桥西区,宣化区,下花园区,万全区,崇礼区,张北县,康保县,沽源县,尚义县,蔚县,阳原县,怀安县,怀来县,涿鹿县,赤城县,张家口市高新技术产业开发区,张家口市察北管理区,张家口市塞北管理区,桥东,桥西,宣化,下花园,万全,崇礼,张北,康保,沽源,尚义,阳原,怀安,怀来,涿鹿,赤城,张家口市高新技术产业开发,张家口市察北管理,张家口市塞北管理"
  },
  {
    "code": "1308",
    "word": "双桥区,双滦区,鹰手营子矿区,承德县,兴隆县,滦平县,隆化县,丰宁满族自治县,宽城满族自治县,围场满族蒙古族自治县,承德高新技术产业开发区,平泉市,双桥,双滦,鹰手营子矿,承德,兴隆,滦平,隆化,丰宁满族自治,宽城满族自治,围场满族蒙古族自治,承德高新技术产业开发,平泉市"
  },
  {
    "code": "1309",
    "word": "新华区,运河区,沧县,青县,东光县,海兴县,盐山县,肃宁县,南皮县,吴桥县,献县,孟村回族自治县,河北沧州经济开发区,沧州高新技术产业开发区,沧州渤海新区,泊头市,任丘市,黄骅市,河间市,新华,运河,东光,海兴,盐山,肃宁,南皮,吴桥,孟村回族自治,河北沧州经济开发,沧州高新技术产业开发,沧州渤海新,泊头市,任丘市,黄骅市,河间市"
  },
  {
    "code": "1310",
    "word": "安次区,广阳区,固安县,永清县,香河县,大城县,文安县,大厂回族自治县,廊坊经济技术开发区,霸州市,三河市,安次,广阳,固安,永清,香河,大城,文安,大厂回族自治,廊坊经济技术开发,霸州市,三河市"
  },
  {
    "code": "1311",
    "word": "桃城区,冀州区,枣强县,武邑县,武强县,饶阳县,安平县,故城县,景县,阜城县,河北衡水高新技术产业开发区,衡水滨湖新区,深州市,桃城,冀州,枣强,武邑,武强,饶阳,安平,故城,阜城,河北衡水高新技术产业开发,衡水滨湖新,深州市"
  },
  {
    "code": "1401",
    "word": "小店区,迎泽区,杏花岭区,尖草坪区,万柏林区,晋源区,清徐县,阳曲县,娄烦县,山西转型综合改革示范区,古交市,小店,迎泽,杏花岭,尖草坪,万柏林,晋源,清徐,阳曲,娄烦,山西转型综合改革示范,古交市"
  },
  {
    "code": "1402",
    "word": "新荣区,平城区,云冈区,云州区,阳高县,天镇县,广灵县,灵丘县,浑源县,左云县,山西大同经济开发区,新荣,平城,云冈,云州,阳高,天镇,广灵,灵丘,浑源,左云,山西大同经济开发"
  },
  {
    "code": "1403",
    "word": "矿区,郊区,平定县,盂县,平定"
  },
  {
    "code": "1404",
    "word": "潞州区,上党区,屯留区,潞城区,襄垣县,平顺县,黎城县,壶关县,长子县,武乡县,沁县,沁源县,山西长治高新技术产业园区,潞州,上党,屯留,潞城,襄垣,平顺,黎城,壶关,长子,武乡,沁源,山西长治高新技术产业园"
  },
  {
    "code": "1405",
    "word": "沁水县,阳城县,陵川县,泽州县,高平市,沁水,阳城,陵川,泽州,高平市"
  },
  {
    "code": "1406",
    "word": "朔城区,平鲁区,山阴县,应县,右玉县,山西朔州经济开发区,怀仁市,朔城,平鲁,山阴,右玉,山西朔州经济开发,怀仁市"
  },
  {
    "code": "1407",
    "word": "榆次区,榆社县,左权县,和顺县,昔阳县,寿阳县,太谷县,祁县,平遥县,灵石县,介休市,榆次,榆社,左权,和顺,昔阳,寿阳,太谷,平遥,灵石,介休市"
  },
  {
    "code": "1408",
    "word": "盐湖区,临猗县,万荣县,闻喜县,稷山县,新绛县,绛县,垣曲县,夏县,平陆县,芮城县,永济市,河津市,盐湖,临猗,万荣,闻喜,稷山,新绛,垣曲,平陆,芮城,永济市,河津市"
  },
  {
    "code": "1409",
    "word": "忻府区,定襄县,五台县,代县,繁峙县,宁武县,静乐县,神池县,五寨县,岢岚县,河曲县,保德县,偏关县,五台山风景名胜区,原平市,忻府,定襄,五台,繁峙,宁武,静乐,神池,五寨,岢岚,河曲,保德,偏关,五台山风景名胜,原平市"
  },
  {
    "code": "1410",
    "word": "尧都区,曲沃县,翼城县,襄汾县,洪洞县,古县,安泽县,浮山县,吉县,乡宁县,大宁县,隰县,永和县,蒲县,汾西县,侯马市,霍州市,尧都,曲沃,翼城,襄汾,洪洞,安泽,浮山,乡宁,大宁,永和,汾西,侯马市,霍州市"
  },
  {
    "code": "1411",
    "word": "离石区,文水县,交城县,兴县,临县,柳林县,石楼县,岚县,方山县,中阳县,交口县,孝义市,汾阳市,离石,文水,交城,柳林,石楼,方山,中阳,交口,孝义市,汾阳市"
  },
  {
    "code": "1501",
    "word": "新城区,回民区,玉泉区,赛罕区,土默特左旗,托克托县,和林格尔县,清水河县,武川县,呼和浩特金海工业园区,呼和浩特经济技术开发区,新城,玉泉,赛罕,土默特左旗,托克托,和林格尔,清水河,武川,呼和浩特金海工业园,呼和浩特经济技术开发"
  },
  {
    "code": "1502",
    "word": "东河区,昆都仑区,青山区,石拐区,白云鄂博矿区,九原区,土默特右旗,固阳县,达尔罕茂明安联合旗,包头稀土高新技术产业开发区,东河,昆都仑,青山,石拐,白云鄂博矿,九原,土默特右旗,固阳,达尔罕茂明安联合旗,包头稀土高新技术产业开发"
  },
  {
    "code": "1503",
    "word": "海勃湾区,海南区,乌达区,海勃湾,海南,乌达"
  },
  {
    "code": "1504",
    "word": "红山区,元宝山区,松山区,阿鲁科尔沁旗,巴林左旗,巴林右旗,林西县,克什克腾旗,翁牛特旗,喀喇沁旗,宁城县,敖汉旗,红山,元宝山,松山,阿鲁科尔沁旗,巴林左旗,巴林右旗,林西,克什克腾旗,翁牛特旗,喀喇沁旗,宁城,敖汉旗"
  },
  {
    "code": "1505",
    "word": "科尔沁区,科尔沁左翼中旗,科尔沁左翼后旗,开鲁县,库伦旗,奈曼旗,扎鲁特旗,通辽经济技术开发区,霍林郭勒市,科尔沁,科尔沁左翼中旗,科尔沁左翼后旗,开鲁,库伦旗,奈曼旗,扎鲁特旗,通辽经济技术开发,霍林郭勒市"
  },
  {
    "code": "1506",
    "word": "东胜区,康巴什区,达拉特旗,准格尔旗,鄂托克前旗,鄂托克旗,杭锦旗,乌审旗,伊金霍洛旗,东胜,康巴什,达拉特旗,准格尔旗,鄂托克前旗,鄂托克旗,杭锦旗,乌审旗,伊金霍洛旗"
  },
  {
    "code": "1507",
    "word": "海拉尔区,扎赉诺尔区,阿荣旗,莫力达瓦达斡尔族自治旗,鄂伦春自治旗,鄂温克族自治旗,陈巴尔虎旗,新巴尔虎左旗,新巴尔虎右旗,满洲里市,牙克石市,扎兰屯市,额尔古纳市,根河市,海拉尔,扎赉诺尔,阿荣旗,莫力达瓦达斡尔族自治旗,鄂伦春自治旗,鄂温克族自治旗,陈巴尔虎旗,新巴尔虎左旗,新巴尔虎右旗,满洲里市,牙克石市,扎兰屯市,额尔古纳市,根河市"
  },
  {
    "code": "1508",
    "word": "临河区,五原县,磴口县,乌拉特前旗,乌拉特中旗,乌拉特后旗,杭锦后旗,临河,五原,磴口,乌拉特前旗,乌拉特中旗,乌拉特后旗,杭锦后旗"
  },
  {
    "code": "1509",
    "word": "集宁区,卓资县,化德县,商都县,兴和县,凉城县,察哈尔右翼前旗,察哈尔右翼中旗,察哈尔右翼后旗,四子王旗,丰镇市,集宁,卓资,化德,商都,兴和,凉城,察哈尔右翼前旗,察哈尔右翼中旗,察哈尔右翼后旗,四子王旗,丰镇市"
  },
  {
    "code": "1522",
    "word": "乌兰浩特市,阿尔山市,科尔沁右翼前旗,科尔沁右翼中旗,扎赉特旗,突泉县,乌兰浩特市,阿尔山市,科尔沁右翼前旗,科尔沁右翼中旗,扎赉特旗,突泉"
  },
  {
    "code": "1525",
    "word": "二连浩特市,锡林浩特市,阿巴嘎旗,苏尼特左旗,苏尼特右旗,东乌珠穆沁旗,西乌珠穆沁旗,太仆寺旗,镶黄旗,正镶白旗,正蓝旗,多伦县,乌拉盖管委会,二连浩特市,锡林浩特市,阿巴嘎旗,苏尼特左旗,苏尼特右旗,东乌珠穆沁旗,西乌珠穆沁旗,太仆寺旗,镶黄旗,正镶白旗,正蓝旗,多伦,乌拉盖管委会"
  },
  {
    "code": "1529",
    "word": "阿拉善左旗,阿拉善右旗,额济纳旗,内蒙古阿拉善经济开发区,阿拉善左旗,阿拉善右旗,额济纳旗,内蒙古阿拉善经济开发"
  },
  {
    "code": "2101",
    "word": "和平区,沈河区,大东区,皇姑区,铁西区,苏家屯区,浑南区,沈北新区,于洪区,辽中区,康平县,法库县,新民市,沈河,大东,皇姑,铁西,苏家屯,浑南,沈北新,于洪,辽中,康平,法库,新民市"
  },
  {
    "code": "2102",
    "word": "中山区,西岗区,沙河口区,甘井子区,旅顺口区,金州区,普兰店区,长海县,瓦房店市,庄河市,中山,西岗,沙河口,甘井子,旅顺口,金州,普兰店,长海,瓦房店市,庄河市"
  },
  {
    "code": "2103",
    "word": "铁东区,铁西区,立山区,千山区,台安县,岫岩满族自治县,海城市,铁东,铁西,立山,千山,台安,岫岩满族自治,海城市"
  },
  {
    "code": "2104",
    "word": "新抚区,东洲区,望花区,顺城区,抚顺县,新宾满族自治县,清原满族自治县,新抚,东洲,望花,顺城,抚顺,新宾满族自治,清原满族自治"
  },
  {
    "code": "2105",
    "word": "平山区,溪湖区,明山区,南芬区,本溪满族自治县,桓仁满族自治县,平山,溪湖,明山,南芬,本溪满族自治,桓仁满族自治"
  },
  {
    "code": "2106",
    "word": "元宝区,振兴区,振安区,宽甸满族自治县,东港市,凤城市,元宝,振兴,振安,宽甸满族自治,东港市,凤城市"
  },
  {
    "code": "2107",
    "word": "古塔区,凌河区,太和区,黑山县,义县,凌海市,北镇市,古塔,凌河,太和,黑山,凌海市,北镇市"
  },
  {
    "code": "2108",
    "word": "站前区,西市区,鲅鱼圈区,老边区,盖州市,大石桥市,站前,西市,鲅鱼圈,老边,盖州市,大石桥市"
  },
  {
    "code": "2109",
    "word": "海州区,新邱区,太平区,清河门区,细河区,阜新蒙古族自治县,彰武县,海州,新邱,太平,清河门,细河,阜新蒙古族自治,彰武"
  },
  {
    "code": "2110",
    "word": "白塔区,文圣区,宏伟区,弓长岭区,太子河区,辽阳县,灯塔市,白塔,文圣,宏伟,弓长岭,太子河,辽阳,灯塔市"
  },
  {
    "code": "2111",
    "word": "双台子区,兴隆台区,大洼区,盘山县,双台子,兴隆台,大洼,盘山"
  },
  {
    "code": "2112",
    "word": "银州区,清河区,铁岭县,西丰县,昌图县,调兵山市,开原市,银州,清河,铁岭,西丰,昌图,调兵山市,开原市"
  },
  {
    "code": "2113",
    "word": "双塔区,龙城区,朝阳县,建平县,喀喇沁左翼蒙古族自治县,北票市,凌源市,双塔,龙城,朝阳,建平,喀喇沁左翼蒙古族自治,北票市,凌源市"
  },
  {
    "code": "2114",
    "word": "连山区,龙港区,南票区,绥中县,建昌县,兴城市,连山,龙港,南票,绥中,建昌,兴城市"
  },
  {
    "code": "2201",
    "word": "南关区,宽城区,朝阳区,二道区,绿园区,双阳区,九台区,农安县,长春经济技术开发区,长春净月高新技术产业开发区,长春高新技术产业开发区,长春汽车经济技术开发区,榆树市,德惠市,南关,宽城,朝阳,二道,绿园,双阳,九台,农安,长春经济技术开发,长春净月高新技术产业开发,长春高新技术产业开发,长春汽车经济技术开发,榆树市,德惠市"
  },
  {
    "code": "2202",
    "word": "昌邑区,龙潭区,船营区,丰满区,永吉县,吉林经济开发区,吉林高新技术产业开发区,吉林中国新加坡食品区,蛟河市,桦甸市,舒兰市,磐石市,昌邑,龙潭,船营,丰满,永吉,吉林经济开发,吉林高新技术产业开发,吉林中国新加坡食品,蛟河市,桦甸市,舒兰市,磐石市"
  },
  {
    "code": "2203",
    "word": "铁西区,铁东区,梨树县,伊通满族自治县,公主岭市,双辽市,铁西,铁东,梨树,伊通满族自治,公主岭市,双辽市"
  },
  {
    "code": "2204",
    "word": "龙山区,西安区,东丰县,东辽县,龙山,西安,东丰,东辽"
  },
  {
    "code": "2205",
    "word": "东昌区,二道江区,通化县,辉南县,柳河县,梅河口市,集安市,东昌,二道江,通化,辉南,柳河,梅河口市,集安市"
  },
  {
    "code": "2206",
    "word": "浑江区,江源区,抚松县,靖宇县,长白朝鲜族自治县,临江市,浑江,江源,抚松,靖宇,长白朝鲜族自治,临江市"
  },
  {
    "code": "2207",
    "word": "宁江区,前郭尔罗斯蒙古族自治县,长岭县,乾安县,吉林松原经济开发区,扶余市,宁江,前郭尔罗斯蒙古族自治,乾安,吉林松原经济开发,扶余市"
  },
  {
    "code": "2208",
    "word": "洮北区,镇赉县,通榆县,吉林白城经济开发区,洮南市,大安市,洮北,镇赉,通榆,吉林白城经济开发,洮南市,大安市"
  },
  {
    "code": "2224",
    "word": "延吉市,图们市,敦化市,珲春市,龙井市,和龙市,汪清县,安图县,延吉市,图们市,敦化市,珲春市,龙井市,和龙市,汪清,安图"
  },
  {
    "code": "2301",
    "word": "道里区,南岗区,道外区,平房区,松北区,香坊区,呼兰区,阿城区,双城区,依兰县,方正县,宾县,巴彦县,木兰县,通河县,延寿县,尚志市,五常市,道里,南岗,道外,平房,松北,香坊,呼兰,阿城,双城,依兰,方正,巴彦,木兰,通河,延寿,尚志市,五常市"
  },
  {
    "code": "2302",
    "word": "龙沙区,建华区,铁锋区,昂昂溪区,富拉尔基区,碾子山区,梅里斯达斡尔族区,龙江县,依安县,泰来县,甘南县,富裕县,克山县,克东县,拜泉县,讷河市,龙沙,建华,铁锋,昂昂溪,富拉尔基,碾子山,梅里斯达斡尔族,龙江,依安,泰来,甘南,富裕,克山,克东,拜泉,讷河市"
  },
  {
    "code": "2303",
    "word": "鸡冠区,恒山区,滴道区,梨树区,城子河区,麻山区,鸡东县,虎林市,密山市,鸡冠,恒山,滴道,梨树,城子河,麻山,鸡东,虎林市,密山市"
  },
  {
    "code": "2304",
    "word": "向阳区,工农区,南山区,兴安区,东山区,兴山区,萝北县,绥滨县,向阳,工农,南山,兴安,东山,兴山,萝北,绥滨"
  },
  {
    "code": "2305",
    "word": "尖山区,岭东区,四方台区,宝山区,集贤县,友谊县,宝清县,饶河县,尖山,岭东,四方台,宝山,友谊,宝清,饶河"
  },
  {
    "code": "2306",
    "word": "萨尔图区,龙凤区,让胡路区,红岗区,大同区,肇州县,肇源县,林甸县,杜尔伯特蒙古族自治县,大庆高新技术产业开发区,萨尔图,龙凤,让胡路,红岗,大同,肇州,肇源,林甸,杜尔伯特蒙古族自治,大庆高新技术产业开发"
  },
  {
    "code": "2307",
    "word": "伊春区,南岔区,友好区,西林区,翠峦区,新青区,美溪区,金山屯区,五营区,乌马河区,汤旺河区,带岭区,乌伊岭区,红星区,上甘岭区,嘉荫县,铁力市,伊春,南岔,友好,西林,翠峦,新青,美溪,金山屯,五营,乌马河,汤旺河,带岭,乌伊岭,红星,上甘岭,嘉荫,铁力市"
  },
  {
    "code": "2308",
    "word": "向阳区,前进区,东风区,郊区,桦南县,桦川县,汤原县,同江市,富锦市,抚远市,向阳,前进,东风,桦南,桦川,汤原,同江市,富锦市,抚远市"
  },
  {
    "code": "2309",
    "word": "新兴区,桃山区,茄子河区,勃利县,新兴,桃山,茄子河,勃利"
  },
  {
    "code": "2310",
    "word": "东安区,阳明区,爱民区,西安区,林口县,牡丹江经济技术开发区,绥芬河市,海林市,宁安市,穆棱市,东宁市,东安,阳明,爱民,西安,林口,牡丹江经济技术开发,绥芬河市,海林市,宁安市,穆棱市,东宁市"
  },
  {
    "code": "2311",
    "word": "爱辉区,嫩江县,逊克县,孙吴县,北安市,五大连池市,爱辉,嫩江,逊克,孙吴,北安市,五大连池市"
  },
  {
    "code": "2312",
    "word": "北林区,望奎县,兰西县,青冈县,庆安县,明水县,绥棱县,安达市,肇东市,海伦市,北林,望奎,兰西,青冈,庆安,明水,绥棱,安达市,肇东市,海伦市"
  },
  {
    "code": "2327",
    "word": "漠河市,呼玛县,塔河县,加格达奇区,松岭区,新林区,呼中区,漠河市,呼玛,塔河,加格达奇,松岭,新林,呼中"
  },
  {
    "code": "3101",
    "word": "黄浦区,徐汇区,长宁区,静安区,普陀区,虹口区,杨浦区,闵行区,宝山区,嘉定区,浦东新区,金山区,松江区,青浦区,奉贤区,崇明区,黄浦,徐汇,长宁,静安,普陀,虹口,杨浦,闵行,宝山,嘉定,浦东新,金山,松江,青浦,奉贤,崇明"
  },
  {
    "code": "3201",
    "word": "玄武区,秦淮区,建邺区,鼓楼区,浦口区,栖霞区,雨花台区,江宁区,六合区,溧水区,高淳区,玄武,秦淮,建邺,鼓楼,浦口,栖霞,雨花台,江宁,六合,溧水,高淳"
  },
  {
    "code": "3202",
    "word": "锡山区,惠山区,滨湖区,梁溪区,新吴区,江阴市,宜兴市,锡山,惠山,滨湖,梁溪,新吴,江阴市,宜兴市"
  },
  {
    "code": "3203",
    "word": "鼓楼区,云龙区,贾汪区,泉山区,铜山区,丰县,沛县,睢宁县,徐州经济技术开发区,新沂市,邳州市,鼓楼,云龙,贾汪,泉山,铜山,睢宁,徐州经济技术开发,新沂市,邳州市"
  },
  {
    "code": "3204",
    "word": "天宁区,钟楼区,新北区,武进区,金坛区,溧阳市,天宁,钟楼,新北,武进,金坛,溧阳市"
  },
  {
    "code": "3205",
    "word": "虎丘区,吴中区,相城区,姑苏区,吴江区,苏州工业园区,常熟市,张家港市,昆山市,太仓市,虎丘,吴中,相城,姑苏,吴江,苏州工业园,常熟市,张家港市,昆山市,太仓市"
  },
  {
    "code": "3206",
    "word": "崇川区,港闸区,通州区,如东县,南通经济技术开发区,启东市,如皋市,海门市,海安市,崇川,港闸,通州,如东,南通经济技术开发,启东市,如皋市,海门市,海安市"
  },
  {
    "code": "3207",
    "word": "连云区,海州区,赣榆区,东海县,灌云县,灌南县,连云港经济技术开发区,连云港高新技术产业开发区,连云,海州,赣榆,东海,灌云,灌南,连云港经济技术开发,连云港高新技术产业开发"
  },
  {
    "code": "3208",
    "word": "淮安区,淮阴区,清江浦区,洪泽区,涟水县,盱眙县,金湖县,淮安经济技术开发区,淮安,淮阴,清江浦,洪泽,涟水,盱眙,金湖,淮安经济技术开发"
  },
  {
    "code": "3209",
    "word": "亭湖区,盐都区,大丰区,响水县,滨海县,阜宁县,射阳县,建湖县,盐城经济技术开发区,东台市,亭湖,盐都,大丰,响水,滨海,阜宁,射阳,建湖,盐城经济技术开发,东台市"
  },
  {
    "code": "3210",
    "word": "广陵区,邗江区,江都区,宝应县,扬州经济技术开发区,仪征市,高邮市,广陵,邗江,江都,宝应,扬州经济技术开发,仪征市,高邮市"
  },
  {
    "code": "3211",
    "word": "京口区,润州区,丹徒区,镇江新区,丹阳市,扬中市,句容市,京口,润州,丹徒,镇江新,丹阳市,扬中市,句容市"
  },
  {
    "code": "3212",
    "word": "海陵区,高港区,姜堰区,泰州医药高新技术产业开发区,兴化市,靖江市,泰兴市,海陵,高港,姜堰,泰州医药高新技术产业开发,兴化市,靖江市,泰兴市"
  },
  {
    "code": "3213",
    "word": "宿城区,宿豫区,沭阳县,泗阳县,泗洪县,宿迁经济技术开发区,宿城,宿豫,沭阳,泗阳,泗洪,宿迁经济技术开发"
  },
  {
    "code": "3301",
    "word": "上城区,下城区,江干区,拱墅区,西湖区,滨江区,萧山区,余杭区,富阳区,临安区,桐庐县,淳安县,建德市,上城,下城,江干,拱墅,西湖,滨江,萧山,余杭,富阳,临安,桐庐,淳安,建德市"
  },
  {
    "code": "3302",
    "word": "海曙区,江北区,北仑区,镇海区,鄞州区,奉化区,象山县,宁海县,余姚市,慈溪市,海曙,江北,北仑,镇海,鄞州,奉化,象山,宁海,余姚市,慈溪市"
  },
  {
    "code": "3303",
    "word": "鹿城区,龙湾区,瓯海区,洞头区,永嘉县,平阳县,苍南县,文成县,泰顺县,温州经济技术开发区,瑞安市,乐清市,鹿城,龙湾,瓯海,洞头,永嘉,平阳,苍南,文成,泰顺,温州经济技术开发,瑞安市,乐清市"
  },
  {
    "code": "3304",
    "word": "南湖区,秀洲区,嘉善县,海盐县,海宁市,平湖市,桐乡市,南湖,秀洲,嘉善,海盐,海宁市,平湖市,桐乡市"
  },
  {
    "code": "3305",
    "word": "吴兴区,南浔区,德清县,长兴县,安吉县,吴兴,南浔,德清,长兴,安吉"
  },
  {
    "code": "3306",
    "word": "越城区,柯桥区,上虞区,新昌县,诸暨市,嵊州市,越城,柯桥,上虞,新昌,诸暨市,嵊州市"
  },
  {
    "code": "3307",
    "word": "婺城区,金东区,武义县,浦江县,磐安县,兰溪市,义乌市,东阳市,永康市,婺城,金东,武义,浦江,磐安,兰溪市,义乌市,东阳市,永康市"
  },
  {
    "code": "3308",
    "word": "柯城区,衢江区,常山县,开化县,龙游县,江山市,柯城,衢江,常山,开化,龙游,江山市"
  },
  {
    "code": "3309",
    "word": "定海区,普陀区,岱山县,嵊泗县,定海,普陀,岱山,嵊泗"
  },
  {
    "code": "3310",
    "word": "椒江区,黄岩区,路桥区,三门县,天台县,仙居县,温岭市,临海市,玉环市,椒江,黄岩,路桥,三门,天台,仙居,温岭市,临海市,玉环市"
  },
  {
    "code": "3311",
    "word": "莲都区,青田县,缙云县,遂昌县,松阳县,云和县,庆元县,景宁畲族自治县,龙泉市,莲都,青田,缙云,遂昌,松阳,云和,庆元,景宁畲族自治,龙泉市"
  },
  {
    "code": "3401",
    "word": "瑶海区,庐阳区,蜀山区,包河区,长丰县,肥东县,肥西县,庐江县,合肥高新技术产业开发区,合肥经济技术开发区,合肥新站高新技术产业开发区,巢湖市,瑶海,庐阳,蜀山,包河,长丰,肥东,肥西,庐江,合肥高新技术产业开发,合肥经济技术开发,合肥新站高新技术产业开发,巢湖市"
  },
  {
    "code": "3402",
    "word": "镜湖区,弋江区,鸠江区,三山区,芜湖县,繁昌县,南陵县,无为县,芜湖经济技术开发区,安徽芜湖长江大桥经济开发区,镜湖,弋江,鸠江,三山,芜湖,繁昌,南陵,无为,芜湖经济技术开发,安徽芜湖长江大桥经济开发"
  },
  {
    "code": "3403",
    "word": "龙子湖区,蚌山区,禹会区,淮上区,怀远县,五河县,固镇县,蚌埠市高新技术开发区,蚌埠市经济开发区,龙子湖,蚌山,禹会,淮上,怀远,五河,固镇,蚌埠市高新技术开发,蚌埠市经济开发"
  },
  {
    "code": "3404",
    "word": "大通区,田家庵区,谢家集区,八公山区,潘集区,凤台县,寿县,大通,田家庵,谢家集,八公山,潘集,凤台"
  },
  {
    "code": "3405",
    "word": "花山区,雨山区,博望区,当涂县,含山县,和县,花山,雨山,博望,当涂,含山"
  },
  {
    "code": "3406",
    "word": "杜集区,相山区,烈山区,濉溪县,杜集,相山,烈山,濉溪"
  },
  {
    "code": "3407",
    "word": "铜官区,义安区,郊区,枞阳县,铜官,义安,枞阳"
  },
  {
    "code": "3408",
    "word": "迎江区,大观区,宜秀区,怀宁县,太湖县,宿松县,望江县,岳西县,安庆市,安庆,安徽安庆经济开发区,桐城市,潜山市,迎江,大观,宜秀,怀宁,太湖,宿松,望江,岳西,安徽安庆经济开发,桐城市,潜山县"
  },
  {
    "code": "3410",
    "word": "屯溪区,黄山区,徽州区,歙县,休宁县,黟县,祁门县,屯溪,黄山,徽州,休宁,祁门"
  },
  {
    "code": "3411",
    "word": "琅琊区,南谯区,来安县,全椒县,定远县,凤阳县,苏滁现代产业园,滁州经济技术开发区,天长市,明光市,琅琊,南谯,来安,全椒,定远,凤阳,苏滁现代产业园,滁州经济技术开发,天长市,明光市"
  },
  {
    "code": "3412",
    "word": "颍州区,颍东区,颍泉区,临泉县,太和县,阜南县,颍上县,阜阳合肥现代产业园区,阜阳经济技术开发区,界首市,颍州,颍东,颍泉,临泉,太和,阜南,颍上,阜阳合肥现代产业园,阜阳经济技术开发,界首市"
  },
  {
    "code": "3413",
    "word": "埇桥区,砀山县,萧县,灵璧县,泗县,宿州马鞍山现代产业园区,宿州经济技术开发区,埇桥,砀山,灵璧,宿州马鞍山现代产业园,宿州经济技术开发"
  },
  {
    "code": "3415",
    "word": "金安区,裕安区,叶集区,霍邱县,舒城县,金寨县,霍山县,金安,裕安,叶集,霍邱,舒城,金寨,霍山"
  },
  {
    "code": "3416",
    "word": "谯城区,涡阳县,蒙城县,利辛县,谯城,涡阳,蒙城,利辛"
  },
  {
    "code": "3417",
    "word": "贵池区,东至县,石台县,青阳县,贵池,东至,石台,青阳"
  },
  {
    "code": "3418",
    "word": "宣州区,郎溪县,广德县,泾县,绩溪县,旌德县,宣城市经济开发区,宁国市,宣州,郎溪,广德,绩溪,旌德,宣城市经济开发,宁国市"
  },
  {
    "code": "3501",
    "word": "鼓楼区,台江区,仓山区,马尾区,晋安区,长乐区,闽侯县,连江县,罗源县,闽清县,永泰县,平潭县,福清市,鼓楼,台江,仓山,马尾,晋安,长乐,闽侯,连江,罗源,闽清,永泰,平潭,福清市"
  },
  {
    "code": "3502",
    "word": "思明区,海沧区,湖里区,集美区,同安区,翔安区,思明,海沧,湖里,集美,同安,翔安"
  },
  {
    "code": "3503",
    "word": "城厢区,涵江区,荔城区,秀屿区,仙游县,城厢,涵江,荔城,秀屿,仙游"
  },
  {
    "code": "3504",
    "word": "梅列区,三元区,明溪县,清流县,宁化县,大田县,尤溪县,沙县,将乐县,泰宁县,建宁县,永安市,梅列,三元,明溪,清流,宁化,大田,尤溪,将乐,泰宁,建宁,永安市"
  },
  {
    "code": "3505",
    "word": "鲤城区,丰泽区,洛江区,泉港区,惠安县,安溪县,永春县,德化县,金门县,石狮市,晋江市,南安市,鲤城,丰泽,洛江,泉港,惠安,安溪,永春,德化,金门,石狮市,晋江市,南安市"
  },
  {
    "code": "3506",
    "word": "芗城区,龙文区,云霄县,漳浦县,诏安县,长泰县,东山县,南靖县,平和县,华安县,龙海市,芗城,龙文,云霄,漳浦,诏安,长泰,东山,南靖,平和,华安,龙海市"
  },
  {
    "code": "3507",
    "word": "延平区,建阳区,顺昌县,浦城县,光泽县,松溪县,政和县,邵武市,武夷山市,建瓯市,延平,建阳,顺昌,浦城,松溪,政和,邵武市,武夷山市,建瓯市"
  },
  {
    "code": "3508",
    "word": "新罗区,永定区,长汀县,上杭县,武平县,连城县,漳平市,新罗,永定,长汀,上杭,武平,连城,漳平市"
  },
  {
    "code": "3509",
    "word": "蕉城区,霞浦县,古田县,屏南县,寿宁县,周宁县,柘荣县,福安市,福鼎市,蕉城,霞浦,古田,屏南,寿宁,周宁,柘荣,福安市,福鼎市"
  },
  {
    "code": "3601",
    "word": "东湖区,西湖区,青云谱区,湾里区,青山湖区,新建区,南昌县,安义县,进贤县,东湖,西湖,青云谱,湾里,青山湖,南昌,安义,进贤"
  },
  {
    "code": "3602",
    "word": "昌江区,珠山区,浮梁县,乐平市,昌江,珠山,浮梁,乐平市"
  },
  {
    "code": "3603",
    "word": "安源区,湘东区,莲花县,上栗县,芦溪县,安源,湘东,上栗,芦溪"
  },
  {
    "code": "3604",
    "word": "濂溪区,浔阳区,柴桑区,武宁县,修水县,永修县,德安县,都昌县,湖口县,彭泽县,瑞昌市,共青城市,庐山市,濂溪,浔阳,柴桑,武宁,修水,永修,德安,都昌,湖口,彭泽,瑞昌市,共青城市,庐山市"
  },
  {
    "code": "3605",
    "word": "渝水区,分宜县,渝水,分宜"
  },
  {
    "code": "3606",
    "word": "月湖区,余江区,贵溪市,月湖,余江,贵溪市"
  },
  {
    "code": "3607",
    "word": "章贡区,南康区,赣县区,信丰县,大余县,上犹县,崇义县,安远县,龙南县,定南县,全南县,宁都县,于都县,兴国县,会昌县,寻乌县,石城县,瑞金市,章贡,南康,赣区,信丰,大余,上犹,崇义,安远,龙南,定南,全南,宁都,于都,兴国,会昌,寻乌,石城,瑞金市"
  },
  {
    "code": "3608",
    "word": "吉州区,青原区,吉安县,吉水县,峡江县,新干县,永丰县,泰和县,遂川县,万安县,安福县,永新县,井冈山市,吉州,青原,吉安,吉水,峡江,新干,永丰,泰和,遂川,万安,安福,永新,井冈山市"
  },
  {
    "code": "3609",
    "word": "袁州区,奉新县,万载县,上高县,宜丰县,靖安县,铜鼓县,丰城市,樟树市,高安市,袁州,奉新,万载,上高,宜丰,靖安,铜鼓,丰城市,樟树市,高安市"
  },
  {
    "code": "3610",
    "word": "临川区,东乡区,南城县,黎川县,南丰县,崇仁县,乐安县,宜黄县,金溪县,资溪县,广昌县,临川,东乡,南城,黎川,南丰,崇仁,乐安,宜黄,金溪,资溪,广昌"
  },
  {
    "code": "3611",
    "word": "信州区,广丰区,上饶县,玉山县,铅山县,横峰县,弋阳县,余干县,鄱阳县,万年县,婺源县,德兴市,信州,广丰,上饶,玉山,铅山,横峰,弋阳,余干,鄱阳,万年,婺源,德兴市"
  },
  {
    "code": "3701",
    "word": "历下区,市中区,槐荫区,天桥区,历城区,长清区,章丘区,济阳区,平阴县,商河县,济南高新技术产业开发区,历下,市中,槐荫,天桥,历城,长清,章丘,济阳,平阴,商河,济南高新技术产业开发"
  },
  {
    "code": "3702",
    "word": "市南区,市北区,黄岛区,崂山区,李沧区,城阳区,即墨区,青岛高新技术产业开发区,胶州市,平度市,莱西市,市南,市北,黄岛,崂山,李沧,城阳,即墨,青岛高新技术产业开发,胶州市,平度市,莱西市"
  },
  {
    "code": "3703",
    "word": "淄川区,张店区,博山区,临淄区,周村区,桓台县,高青县,沂源县,淄川,张店,博山,临淄,周村,桓台,高青,沂源"
  },
  {
    "code": "3704",
    "word": "市中区,薛城区,峄城区,台儿庄区,山亭区,滕州市,市中,薛城,峄城,台儿庄,山亭,滕州市"
  },
  {
    "code": "3705",
    "word": "东营区,河口区,垦利区,利津县,广饶县,东营经济技术开发区,东营港经济开发区,东营,河口,垦利,利津,广饶,东营经济技术开发,东营港经济开发"
  },
  {
    "code": "3706",
    "word": "芝罘区,福山区,牟平区,莱山区,长岛县,烟台高新技术产业开发区,烟台经济技术开发区,龙口市,莱阳市,莱州市,蓬莱市,招远市,栖霞市,海阳市,芝罘,福山,牟平,莱山,长岛,烟台高新技术产业开发,烟台经济技术开发,龙口市,莱阳市,莱州市,蓬莱市,招远市,栖霞市,海阳市"
  },
  {
    "code": "3707",
    "word": "潍城区,寒亭区,坊子区,奎文区,临朐县,昌乐县,潍坊滨海经济技术开发区,青州市,诸城市,寿光市,安丘市,高密市,昌邑市,潍城,寒亭,坊子,奎文,临朐,昌乐,潍坊滨海经济技术开发,青州市,诸城市,寿光市,安丘市,高密市,昌邑市"
  },
  {
    "code": "3708",
    "word": "任城区,兖州区,微山县,鱼台县,金乡县,嘉祥县,汶上县,泗水县,梁山县,济宁高新技术产业开发区,曲阜市,邹城市,任城,兖州,微山,鱼台,金乡,嘉祥,汶上,泗水,梁山,济宁高新技术产业开发,曲阜市,邹城市"
  },
  {
    "code": "3709",
    "word": "泰山区,岱岳区,宁阳县,东平县,新泰市,肥城市,泰山,岱岳,宁阳,东平,新泰市,肥城市"
  },
  {
    "code": "3710",
    "word": "环翠区,文登区,威海火炬高技术产业开发区,威海经济技术开发区,威海临港经济技术开发区,荣成市,乳山市,环翠,文登,威海火炬高技术产业开发,威海经济技术开发,威海临港经济技术开发,荣成市,乳山市"
  },
  {
    "code": "3711",
    "word": "东港区,岚山区,五莲县,莒县,日照经济技术开发区,东港,岚山,五莲,日照经济技术开发"
  },
  {
    "code": "3712",
    "word": "莱城区,钢城区,莱城,钢城"
  },
  {
    "code": "3713",
    "word": "兰山区,罗庄区,河东区,沂南县,郯城县,沂水县,兰陵县,费县,平邑县,莒南县,蒙阴县,临沭县,临沂高新技术产业开发区,临沂经济技术开发区,临沂临港经济开发区,兰山,罗庄,河东,沂南,郯城,沂水,兰陵,平邑,莒南,蒙阴,临沭,临沂高新技术产业开发,临沂经济技术开发,临沂临港经济开发"
  },
  {
    "code": "3714",
    "word": "德城区,陵城区,宁津县,庆云县,临邑县,齐河县,平原县,夏津县,武城县,德州经济技术开发区,德州运河经济开发区,乐陵市,禹城市,德城,陵城,宁津,庆云,临邑,齐河,平原,夏津,武城,德州经济技术开发,德州运河经济开发,乐陵市,禹城市"
  },
  {
    "code": "3715",
    "word": "东昌府区,阳谷县,莘县,茌平县,东阿县,冠县,高唐县,临清市,东昌府,阳谷,茌平,东阿,高唐,临清市"
  },
  {
    "code": "3716",
    "word": "滨城区,沾化区,惠民县,阳信县,无棣县,博兴县,邹平市,滨城,沾化,惠民,阳信,无棣,博兴,邹平市"
  },
  {
    "code": "3717",
    "word": "牡丹区,定陶区,曹县,单县,成武县,巨野县,郓城县,鄄城县,东明县,菏泽经济技术开发区,菏泽高新技术开发区,牡丹,定陶,成武,巨野,郓城,鄄城,东明,菏泽经济技术开发,菏泽高新技术开发"
  },
  {
    "code": "4101",
    "word": "中原区,二七区,管城回族区,金水区,上街区,惠济区,中牟县,郑州经济技术开发区,郑州高新技术产业开发区,郑州航空港经济综合实验区,巩义市,荥阳市,新密市,新郑市,登封市,中原,二七,管城回族,金水,上街,惠济,中牟,郑州经济技术开发,郑州高新技术产业开发,郑州航空港经济综合实验,巩义市,荥阳市,新密市,新郑市,登封市"
  },
  {
    "code": "4102",
    "word": "龙亭区,顺河回族区,鼓楼区,禹王台区,祥符区,杞县,通许县,尉氏县,兰考县,龙亭,顺河回族,鼓楼,禹王台,祥符,通许,尉氏,兰考"
  },
  {
    "code": "4103",
    "word": "老城区,西工区,瀍河回族区,涧西区,吉利区,洛龙区,孟津县,新安县,栾川县,嵩县,汝阳县,宜阳县,洛宁县,伊川县,洛阳高新技术产业开发区,偃师市,老城,西工,瀍河回族,涧西,吉利,洛龙,孟津,新安,栾川,汝阳,宜阳,洛宁,伊川,洛阳高新技术产业开发,偃师市"
  },
  {
    "code": "4104",
    "word": "新华区,卫东区,石龙区,湛河区,宝丰县,叶县,鲁山县,郏县,平顶山高新技术产业开发区,平顶山市新城区,舞钢市,汝州市,新华,卫东,石龙,湛河,宝丰,鲁山,平顶山高新技术产业开发,平顶山市新城,舞钢市,汝州市"
  },
  {
    "code": "4105",
    "word": "文峰区,北关区,殷都区,龙安区,安阳县,汤阴县,滑县,内黄县,安阳高新技术产业开发区,林州市,文峰,北关,殷都,龙安,安阳,汤阴,内黄,安阳高新技术产业开发,林州市"
  },
  {
    "code": "4106",
    "word": "鹤山区,山城区,淇滨区,浚县,淇县,鹤壁经济技术开发区,鹤山,山城,淇滨,鹤壁经济技术开发"
  },
  {
    "code": "4107",
    "word": "红旗区,卫滨区,凤泉区,牧野区,新乡县,获嘉县,原阳县,延津县,封丘县,长垣县,新乡高新技术产业开发区,新乡经济技术开发区,新乡市平原城乡一体化示范区,卫辉市,辉县市,红旗,卫滨,凤泉,牧野,新乡,获嘉,原阳,延津,封丘,长垣,新乡高新技术产业开发,新乡经济技术开发,新乡市平原城乡一体化示范,卫辉市,辉市"
  },
  {
    "code": "4108",
    "word": "解放区,中站区,马村区,山阳区,修武县,博爱县,武陟县,温县,焦作城乡一体化示范区,沁阳市,孟州市,解放,中站,马村,山阳,修武,博爱,武陟,焦作城乡一体化示范,沁阳市,孟州市"
  },
  {
    "code": "4109",
    "word": "华龙区,清丰县,南乐县,范县,台前县,濮阳县,河南濮阳工业园区,濮阳经济技术开发区,华龙,清丰,南乐,台前,濮阳,河南濮阳工业园,濮阳经济技术开发"
  },
  {
    "code": "4110",
    "word": "魏都区,建安区,鄢陵县,襄城县,许昌经济技术开发区,禹州市,长葛市,魏都,建安,鄢陵,襄城,许昌经济技术开发,禹州市,长葛市"
  },
  {
    "code": "4111",
    "word": "源汇区,郾城区,召陵区,舞阳县,临颍县,漯河经济技术开发区,源汇,郾城,召陵,舞阳,临颍,漯河经济技术开发"
  },
  {
    "code": "4112",
    "word": "湖滨区,陕州区,渑池县,卢氏县,河南三门峡经济开发区,义马市,灵宝市,湖滨,陕州,渑池,卢氏,河南三门峡经济开发,义马市,灵宝市"
  },
  {
    "code": "4113",
    "word": "宛城区,卧龙区,南召县,方城县,西峡县,镇平县,内乡县,淅川县,社旗县,唐河县,新野县,桐柏县,南阳高新技术产业开发区,南阳市城乡一体化示范区,邓州市,宛城,卧龙,南召,方城,西峡,镇平,内乡,淅川,社旗,唐河,新野,桐柏,南阳高新技术产业开发,南阳市城乡一体化示范,邓州市"
  },
  {
    "code": "4114",
    "word": "梁园区,睢阳区,民权县,睢县,宁陵县,柘城县,虞城县,夏邑县,豫东综合物流产业聚集区,河南商丘经济开发区,永城市,梁园,睢阳,民权,宁陵,柘城,虞城,夏邑,豫东综合物流产业聚集,河南商丘经济开发,永城市"
  },
  {
    "code": "4115",
    "word": "浉河区,平桥区,罗山县,光山县,新县,商城县,固始县,潢川县,淮滨县,息县,信阳高新技术产业开发区,浉河,平桥,罗山,光山,商城,固始,潢川,淮滨,信阳高新技术产业开发"
  },
  {
    "code": "4116",
    "word": "川汇区,扶沟县,西华县,商水县,沈丘县,郸城县,淮阳县,太康县,鹿邑县,河南周口经济开发区,项城市,川汇,扶沟,西华,商水,沈丘,郸城,淮阳,太康,鹿邑,河南周口经济开发,项城市"
  },
  {
    "code": "4117",
    "word": "驿城区,西平县,上蔡县,平舆县,正阳县,确山县,泌阳县,汝南县,遂平县,新蔡县,河南驻马店经济开发区,驿城,西平,上蔡,平舆,正阳,确山,泌阳,汝南,遂平,新蔡,河南驻马店经济开发"
  },
  {
    "code": "4190",
    "word": "济源市,济源市"
  },
  {
    "code": "4201",
    "word": "江岸区,江汉区,硚口区,汉阳区,武昌区,青山区,洪山区,东西湖区,汉南区,蔡甸区,江夏区,黄陂区,新洲区,江岸,江汉,硚口,汉阳,武昌,青山,洪山,东西湖,汉南,蔡甸,江夏,黄陂,新洲"
  },
  {
    "code": "4202",
    "word": "黄石港区,西塞山区,下陆区,铁山区,阳新县,大冶市,黄石港,西塞山,下陆,铁山,阳新,大冶市"
  },
  {
    "code": "4203",
    "word": "茅箭区,张湾区,郧阳区,郧西县,竹山县,竹溪县,房县,丹江口市,茅箭,张湾,郧阳,郧西,竹山,竹溪,丹江口市"
  },
  {
    "code": "4205",
    "word": "西陵区,伍家岗区,点军区,猇亭区,夷陵区,远安县,兴山县,秭归县,长阳土家族自治县,五峰土家族自治县,宜都市,当阳市,枝江市,西陵,伍家岗,点军,猇亭,夷陵,远安,兴山,秭归,长阳土家族自治,五峰土家族自治,宜都市,当阳市,枝江市"
  },
  {
    "code": "4206",
    "word": "襄城区,樊城区,襄州区,南漳县,谷城县,保康县,老河口市,枣阳市,宜城市,襄城,樊城,襄州,南漳,谷城,保康,老河口市,枣阳市,宜城市"
  },
  {
    "code": "4207",
    "word": "梁子湖区,华容区,鄂城区,梁子湖,华容,鄂城"
  },
  {
    "code": "4208",
    "word": "东宝区,掇刀区,沙洋县,钟祥市,京山市,东宝,掇刀,沙洋,钟祥市,京山市"
  },
  {
    "code": "4209",
    "word": "孝南区,孝昌县,大悟县,云梦县,应城市,安陆市,汉川市,孝南,孝昌,大悟,云梦,应城市,安陆市,汉川市"
  },
  {
    "code": "4210",
    "word": "沙市区,荆州区,公安县,监利县,江陵县,荆州经济技术开发区,石首市,洪湖市,松滋市,沙市,荆州,监利,江陵,荆州经济技术开发,石首市,洪湖市,松滋市"
  },
  {
    "code": "4211",
    "word": "黄州区,团风县,红安县,罗田县,英山县,浠水县,蕲春县,黄梅县,龙感湖管理区,麻城市,武穴市,黄州,团风,红安,罗田,英山,浠水,蕲春,黄梅,龙感湖管理,麻城市,武穴市"
  },
  {
    "code": "4212",
    "word": "咸安区,嘉鱼县,通城县,崇阳县,通山县,赤壁市,咸安,嘉鱼,通城,崇阳,通山,赤壁市"
  },
  {
    "code": "4213",
    "word": "曾都区,随县,广水市,曾都,广水市"
  },
  {
    "code": "4228",
    "word": "恩施市,利川市,建始县,巴东县,宣恩县,咸丰县,来凤县,鹤峰县,恩施市,利川市,建始,巴东,宣恩,咸丰,来凤,鹤峰"
  },
  {
    "code": "4290",
    "word": "仙桃市,潜江市,天门市,神农架林区,仙桃市,潜江市,天门市,神农架林"
  },
  {
    "code": "4301",
    "word": "芙蓉区,天心区,岳麓区,开福区,雨花区,望城区,长沙县,浏阳市,宁乡市,芙蓉,天心,岳麓,开福,雨花,望城,长沙,浏阳市,宁乡市"
  },
  {
    "code": "4302",
    "word": "荷塘区,芦淞区,石峰区,天元区,渌口区,攸县,茶陵县,炎陵县,云龙示范区,醴陵市,荷塘,芦淞,石峰,天元,渌口,茶陵,炎陵,云龙示范,醴陵市"
  },
  {
    "code": "4303",
    "word": "雨湖区,岳塘区,湘潭县,湖南湘潭高新技术产业园区,湘潭昭山示范区,湘潭九华示范区,湘乡市,韶山市,雨湖,岳塘,湘潭,湖南湘潭高新技术产业园,湘潭昭山示范,湘潭九华示范,湘乡市,韶山市"
  },
  {
    "code": "4304",
    "word": "珠晖区,雁峰区,石鼓区,蒸湘区,南岳区,衡阳县,衡南县,衡山县,衡东县,祁东县,衡阳综合保税区,湖南衡阳高新技术产业园区,湖南衡阳松木经济开发区,耒阳市,常宁市,珠晖,雁峰,石鼓,蒸湘,南岳,衡阳,衡南,衡山,衡东,祁东,衡阳综合保税,湖南衡阳高新技术产业园,湖南衡阳松木经济开发,耒阳市,常宁市"
  },
  {
    "code": "4305",
    "word": "双清区,大祥区,北塔区,邵东县,新邵县,邵阳县,隆回县,洞口县,绥宁县,新宁县,城步苗族自治县,武冈市,双清,大祥,北塔,邵东,新邵,邵阳,隆回,洞口,绥宁,新宁,城步苗族自治,武冈市"
  },
  {
    "code": "4306",
    "word": "岳阳楼区,云溪区,君山区,岳阳县,华容县,湘阴县,平江县,岳阳市屈原管理区,汨罗市,临湘市,岳阳楼,云溪,君山,岳阳,华容,湘阴,平江,岳阳市屈原管理,汨罗市,临湘市"
  },
  {
    "code": "4307",
    "word": "武陵区,鼎城区,安乡县,汉寿县,澧县,临澧县,桃源县,石门县,常德市西洞庭管理区,津市市,武陵,鼎城,安乡,汉寿,临澧,桃源,石门,常德市西洞庭管理,津市市"
  },
  {
    "code": "4308",
    "word": "永定区,武陵源区,慈利县,桑植县,永定,武陵源,慈利,桑植"
  },
  {
    "code": "4309",
    "word": "资阳区,赫山区,南县,桃江县,安化县,益阳市大通湖管理区,湖南益阳高新技术产业园区,沅江市,资阳,赫山,桃江,安化,益阳市大通湖管理,湖南益阳高新技术产业园,沅江市"
  },
  {
    "code": "4310",
    "word": "北湖区,苏仙区,桂阳县,宜章县,永兴县,嘉禾县,临武县,汝城县,桂东县,安仁县,资兴市,北湖,苏仙,桂阳,宜章,永兴,嘉禾,临武,汝城,桂东,安仁,资兴市"
  },
  {
    "code": "4311",
    "word": "零陵区,冷水滩区,祁阳县,东安县,双牌县,道县,江永县,宁远县,蓝山县,新田县,江华瑶族自治县,永州经济技术开发区,永州市金洞管理区,永州市回龙圩管理区,零陵,冷水滩,祁阳,东安,双牌,江永,宁远,蓝山,新田,江华瑶族自治,永州经济技术开发,永州市金洞管理,永州市回龙圩管理"
  },
  {
    "code": "4312",
    "word": "怀化市,鹤城区,中方县,沅陵县,辰溪县,溆浦县,会同县,麻阳苗族自治县,新晃侗族自治县,芷江侗族自治县,靖州苗族侗族自治县,通道侗族自治县,怀化市洪江管理区,洪江市,鹤城,中方,沅陵,辰溪,溆浦,会同,麻阳苗族自治,新晃侗族自治,芷江侗族自治,靖州苗族侗族自治,通道侗族自治,怀化市洪江管理,洪江市"
  },
  {
    "code": "4313",
    "word": "娄星区,双峰县,新化县,冷水江市,涟源市,娄星,双峰,新化,冷水江市,涟源市"
  },
  {
    "code": "4331",
    "word": "吉首市,泸溪县,凤凰县,花垣县,保靖县,古丈县,永顺县,龙山县,湖南吉首经济开发区,湖南永顺经济开发区,吉首市,泸溪,凤凰,花垣,保靖,古丈,永顺,龙山,湖南吉首经济开发,湖南永顺经济开发"
  },
  {
    "code": "4401",
    "word": "荔湾区,越秀区,海珠区,天河区,白云区,黄埔区,番禺区,花都区,南沙区,从化区,增城区,荔湾,越秀,海珠,天河,白云,黄埔,番禺,花都,南沙,从化,增城"
  },
  {
    "code": "4402",
    "word": "武江区,浈江区,曲江区,始兴县,仁化县,翁源县,乳源瑶族自治县,新丰县,乐昌市,南雄市,武江,浈江,曲江,始兴,仁化,翁源,乳源瑶族自治,新丰,乐昌市,南雄市"
  },
  {
    "code": "4403",
    "word": "罗湖区,福田区,南山区,宝安区,龙岗区,盐田区,龙华区,坪山区,光明区,罗湖,福田,南山,宝安,龙岗,盐田,龙华,坪山,光明"
  },
  {
    "code": "4404",
    "word": "香洲区,斗门区,金湾区,香洲,斗门,金湾"
  },
  {
    "code": "4405",
    "word": "龙湖区,金平区,濠江区,潮阳区,潮南区,澄海区,南澳县,龙湖,金平,濠江,潮阳,潮南,澄海,南澳"
  },
  {
    "code": "4406",
    "word": "禅城区,南海区,顺德区,三水区,高明区,禅城,南海,顺德,三水,高明"
  },
  {
    "code": "4407",
    "word": "蓬江区,江海区,新会区,台山市,开平市,鹤山市,恩平市,蓬江,江海,新会,台山市,开平市,鹤山市,恩平市"
  },
  {
    "code": "4408",
    "word": "赤坎区,霞山区,坡头区,麻章区,遂溪县,徐闻县,廉江市,雷州市,吴川市,赤坎,霞山,坡头,麻章,遂溪,徐闻,廉江市,雷州市,吴川市"
  },
  {
    "code": "4409",
    "word": "茂南区,电白区,高州市,化州市,信宜市,茂南,电白,高州市,化州市,信宜市"
  },
  {
    "code": "4412",
    "word": "端州区,鼎湖区,高要区,广宁县,怀集县,封开县,德庆县,四会市,端州,鼎湖,高要,广宁,怀集,封开,德庆,四会市"
  },
  {
    "code": "4413",
    "word": "惠城区,惠阳区,博罗县,惠东县,龙门县,惠城,惠阳,博罗,惠东,龙门"
  },
  {
    "code": "4414",
    "word": "梅江区,梅县区,大埔县,丰顺县,五华县,平远县,蕉岭县,兴宁市,梅江,梅区,大埔,丰顺,五华,平远,蕉岭,兴宁市"
  },
  {
    "code": "4415",
    "word": "海丰县,陆河县,陆丰市,海丰,陆河,陆丰市"
  },
  {
    "code": "4416",
    "word": "源城区,紫金县,龙川县,连平县,和平县,东源县,源城,紫金,龙川,连平,东源"
  },
  {
    "code": "4417",
    "word": "江城区,阳东区,阳西县,阳春市,江城,阳东,阳西,阳春市"
  },
  {
    "code": "4418",
    "word": "清城区,清新区,佛冈县,阳山县,连山壮族瑶族自治县,连南瑶族自治县,英德市,连州市,清城,清新,佛冈,阳山,连山壮族瑶族自治,连南瑶族自治,英德市,连州市"
  },
  {
    "code": "4419",
    "word": "东莞市,东莞市"
  },
  {
    "code": "4420",
    "word": "中山市,中山市"
  },
  {
    "code": "4451",
    "word": "湘桥区,潮安区,饶平县,湘桥,潮安,饶平"
  },
  {
    "code": "4452",
    "word": "榕城区,揭东区,揭西县,惠来县,普宁市,榕城,揭东,揭西,惠来,普宁市"
  },
  {
    "code": "4453",
    "word": "云城区,云安区,新兴县,郁南县,罗定市,云城,云安,新兴,郁南,罗定市"
  },
  {
    "code": "4501",
    "word": "兴宁区,青秀区,江南区,西乡塘区,良庆区,邕宁区,武鸣区,隆安县,马山县,上林县,宾阳县,横县,兴宁,青秀,江南,西乡塘,良庆,邕宁,武鸣,隆安,马山,上林,宾阳"
  },
  {
    "code": "4502",
    "word": "城中区,鱼峰区,柳南区,柳北区,柳江区,柳城县,鹿寨县,融安县,融水苗族自治县,三江侗族自治县,城中,鱼峰,柳南,柳北,柳江,柳城,鹿寨,融安,融水苗族自治,三江侗族自治"
  },
  {
    "code": "4503",
    "word": "秀峰区,叠彩区,象山区,七星区,雁山区,临桂区,阳朔县,灵川县,全州县,兴安县,永福县,灌阳县,龙胜各族自治县,资源县,平乐县,恭城瑶族自治县,荔浦市,秀峰,叠彩,象山,七星,雁山,临桂,阳朔,灵川,全州,兴安,永福,灌阳,龙胜各族自治,平乐,恭城瑶族自治,荔浦市"
  },
  {
    "code": "4504",
    "word": "万秀区,长洲区,龙圩区,苍梧县,藤县,蒙山县,岑溪市,万秀,长洲,龙圩,苍梧,蒙山,岑溪市"
  },
  {
    "code": "4505",
    "word": "海城区,银海区,铁山港区,合浦县,海城,银海,铁山港,合浦"
  },
  {
    "code": "4506",
    "word": "港口区,防城区,上思县,东兴市,港口,防城,上思,东兴市"
  },
  {
    "code": "4507",
    "word": "钦南区,钦北区,灵山县,浦北县,钦南,钦北,灵山,浦北"
  },
  {
    "code": "4508",
    "word": "港北区,港南区,覃塘区,平南县,桂平市,港北,港南,覃塘,平南,桂平市"
  },
  {
    "code": "4509",
    "word": "玉州区,福绵区,容县,陆川县,博白县,兴业县,北流市,玉州,福绵,陆川,博白,兴业,北流市"
  },
  {
    "code": "4510",
    "word": "右江区,田阳县,田东县,平果县,德保县,那坡县,凌云县,乐业县,田林县,西林县,隆林各族自治县,靖西市,右江,田阳,田东,平果,德保,那坡,凌云,乐业,田林,西林,隆林各族自治,靖西市"
  },
  {
    "code": "4511",
    "word": "八步区,平桂区,昭平县,钟山县,富川瑶族自治县,八步,平桂,昭平,钟山,富川瑶族自治"
  },
  {
    "code": "4512",
    "word": "金城江区,宜州区,南丹县,天峨县,凤山县,东兰县,罗城仫佬族自治县,环江毛南族自治县,巴马瑶族自治县,都安瑶族自治县,大化瑶族自治县,金城江,宜州,南丹,天峨,凤山,东兰,罗城仫佬族自治,环江毛南族自治,巴马瑶族自治,都安瑶族自治,大化瑶族自治"
  },
  {
    "code": "4513",
    "word": "兴宾区,忻城县,象州县,武宣县,金秀瑶族自治县,合山市,兴宾,忻城,象州,武宣,金秀瑶族自治,合山市"
  },
  {
    "code": "4514",
    "word": "江州区,扶绥县,宁明县,龙州县,大新县,天等县,凭祥市,江州,扶绥,宁明,龙州,大新,天等,凭祥市"
  },
  {
    "code": "4601",
    "word": "秀英区,龙华区,琼山区,美兰区,秀英,龙华,琼山,美兰"
  },
  {
    "code": "4602",
    "word": "海棠区,吉阳区,天涯区,崖州区,海棠,吉阳,天涯,崖州"
  },
  {
    "code": "4603",
    "word": "西沙群岛,南沙群岛,中沙群岛的岛礁及其海域,西沙群岛,南沙群岛,中沙群岛的岛礁及其海域"
  },
  {
    "code": "4604",
    "word": "儋州市,儋州市"
  },
  {
    "code": "4690",
    "word": "五指山市,琼海市,文昌市,万宁市,东方市,定安县,屯昌县,澄迈县,临高县,白沙黎族自治县,昌江黎族自治县,乐东黎族自治县,陵水黎族自治县,保亭黎族苗族自治县,琼中黎族苗族自治县,五指山市,琼海市,文昌市,万宁市,东方市,定安,屯昌,澄迈,临高,白沙黎族自治,昌江黎族自治,乐东黎族自治,陵水黎族自治,保亭黎族苗族自治,琼中黎族苗族自治"
  },
  {
    "code": "5001",
    "word": "万州区,涪陵区,渝中区,大渡口区,江北区,沙坪坝区,九龙坡区,南岸区,北碚区,綦江区,大足区,渝北区,巴南区,黔江区,长寿区,江津区,合川区,永川区,南川区,璧山区,铜梁区,潼南区,荣昌区,开州区,梁平区,武隆区,万州,涪陵,渝中,大渡口,江北,沙坪坝,九龙坡,南岸,北碚,綦江,大足,渝北,巴南,黔江,长寿,江津,合川,永川,南川,璧山,铜梁,潼南,荣昌,开州,梁平,武隆"
  },
  {
    "code": "5002",
    "word": "城口县,丰都县,垫江县,忠县,云阳县,奉节县,巫山县,巫溪县,石柱土家族自治县,秀山土家族苗族自治县,酉阳土家族苗族自治县,彭水苗族土家族自治县,城口,丰都,垫江,云阳,奉节,巫山,巫溪,石柱土家族自治,秀山土家族苗族自治,酉阳土家族苗族自治,彭水苗族土家族自治"
  },
  {
    "code": "5101",
    "word": "锦江区,青羊区,金牛区,武侯区,成华区,龙泉驿区,青白江区,新都区,温江区,双流区,郫都区,金堂县,大邑县,蒲江县,新津县,都江堰市,彭州市,邛崃市,崇州市,简阳市,锦江,青羊,金牛,武侯,成华,龙泉驿,青白江,新都,温江,双流,郫都,金堂,大邑,蒲江,新津,都江堰市,彭州市,邛崃市,崇州市,简阳市"
  },
  {
    "code": "5103",
    "word": "自流井区,贡井区,大安区,沿滩区,荣县,富顺县,自流井,贡井,大安,沿滩,富顺"
  },
  {
    "code": "5104",
    "word": "西区,仁和区,米易县,盐边县,仁和,米易,盐边"
  },
  {
    "code": "5105",
    "word": "江阳区,纳溪区,龙马潭区,泸县,合江县,叙永县,古蔺县,江阳,纳溪,龙马潭,合江,叙永,古蔺"
  },
  {
    "code": "5106",
    "word": "旌阳区,罗江区,中江县,广汉市,什邡市,绵竹市,旌阳,罗江,中江,广汉市,什邡市,绵竹市"
  },
  {
    "code": "5107",
    "word": "涪城区,游仙区,安州区,三台县,盐亭县,梓潼县,北川羌族自治县,平武县,江油市,涪城,游仙,安州,三台,盐亭,梓潼,北川羌族自治,平武,江油市"
  },
  {
    "code": "5108",
    "word": "利州区,昭化区,朝天区,旺苍县,青川县,剑阁县,苍溪县,利州,昭化,朝天,旺苍,青川,剑阁,苍溪"
  },
  {
    "code": "5109",
    "word": "船山区,安居区,蓬溪县,射洪县,大英县,船山,安居,蓬溪,射洪,大英"
  },
  {
    "code": "5110",
    "word": "市中区,东兴区,威远县,资中县,内江经济开发区,隆昌市,市中,东兴,威远,资中,内江经济开发,隆昌市"
  },
  {
    "code": "5111",
    "word": "市中区,沙湾区,五通桥区,金口河区,犍为县,井研县,夹江县,沐川县,峨边彝族自治县,马边彝族自治县,峨眉山市,市中,沙湾,五通桥,金口河,犍为,井研,夹江,沐川,峨边彝族自治,马边彝族自治,峨眉山市"
  },
  {
    "code": "5113",
    "word": "顺庆区,高坪区,嘉陵区,南部县,营山县,蓬安县,仪陇县,西充县,阆中市,顺庆,高坪,嘉陵,南部,营山,蓬安,仪陇,西充,阆中市"
  },
  {
    "code": "5114",
    "word": "东坡区,彭山区,仁寿县,洪雅县,丹棱县,青神县,东坡,彭山,仁寿,洪雅,丹棱,青神"
  },
  {
    "code": "5115",
    "word": "翠屏区,南溪区,叙州区,江安县,长宁县,高县,珙县,筠连县,兴文县,屏山县,翠屏,南溪,叙州,江安,长宁,筠连,兴文,屏山"
  },
  {
    "code": "5116",
    "word": "广安区,前锋区,岳池县,武胜县,邻水县,华蓥市,广安,前锋,岳池,武胜,邻水,华蓥市"
  },
  {
    "code": "5117",
    "word": "通川区,达川区,宣汉县,开江县,大竹县,渠县,达州经济开发区,万源市,通川,达川,宣汉,开江,大竹,达州经济开发,万源市"
  },
  {
    "code": "5118",
    "word": "雨城区,名山区,荥经县,汉源县,石棉县,天全县,芦山县,宝兴县,雨城,名山,荥经,汉源,石棉,天全,芦山,宝兴"
  },
  {
    "code": "5119",
    "word": "巴州区,恩阳区,通江县,南江县,平昌县,巴中经济开发区,巴州,恩阳,通江,南江,平昌,巴中经济开发"
  },
  {
    "code": "5120",
    "word": "雁江区,安岳县,乐至县,雁江,安岳,乐至"
  },
  {
    "code": "5132",
    "word": "马尔康市,汶川县,理县,茂县,松潘县,九寨沟县,金川县,小金县,黑水县,壤塘县,阿坝县,若尔盖县,红原县,马尔康市,汶川,松潘,九寨沟,金川,小金,黑水,壤塘,阿坝,若尔盖,红原"
  },
  {
    "code": "5133",
    "word": "康定市,泸定县,丹巴县,九龙县,雅江县,道孚县,炉霍县,甘孜县,新龙县,德格县,白玉县,石渠县,色达县,理塘县,巴塘县,乡城县,稻城县,得荣县,康定市,泸定,丹巴,九龙,雅江,道孚,炉霍,甘孜,新龙,德格,白玉,石渠,色达,理塘,巴塘,乡城,稻城,得荣"
  },
  {
    "code": "5134",
    "word": "西昌市,木里藏族自治县,盐源县,德昌县,会理县,会东县,宁南县,普格县,布拖县,金阳县,昭觉县,喜德县,冕宁县,越西县,甘洛县,美姑县,雷波县,西昌市,木里藏族自治,盐源,德昌,会理,会东,宁南,普格,布拖,金阳,昭觉,喜德,冕宁,越西,甘洛,美姑,雷波"
  },
  {
    "code": "5201",
    "word": "南明区,云岩区,花溪区,乌当区,白云区,观山湖区,开阳县,息烽县,修文县,清镇市,南明,云岩,花溪,乌当,白云,观山湖,开阳,息烽,修文,清镇市"
  },
  {
    "code": "5202",
    "word": "钟山区,六枝特区,水城县,盘州市,钟山,六枝特,水城,盘州市"
  },
  {
    "code": "5203",
    "word": "红花岗区,汇川区,播州区,桐梓县,绥阳县,正安县,道真仡佬族苗族自治县,务川仡佬族苗族自治县,凤冈县,湄潭县,余庆县,习水县,赤水市,仁怀市,红花岗,汇川,播州,桐梓,绥阳,正安,道真仡佬族苗族自治,务川仡佬族苗族自治,凤冈,湄潭,余庆,习水,赤水市,仁怀市"
  },
  {
    "code": "5204",
    "word": "西秀区,平坝区,普定县,镇宁布依族苗族自治县,关岭布依族苗族自治县,紫云苗族布依族自治县,西秀,平坝,普定,镇宁布依族苗族自治,关岭布依族苗族自治,紫云苗族布依族自治"
  },
  {
    "code": "5205",
    "word": "七星关区,大方县,黔西县,金沙县,织金县,纳雍县,威宁彝族回族苗族自治县,赫章县,七星关,大方,黔西,金沙,织金,纳雍,威宁彝族回族苗族自治,赫章"
  },
  {
    "code": "5206",
    "word": "碧江区,万山区,江口县,玉屏侗族自治县,石阡县,思南县,印江土家族苗族自治县,德江县,沿河土家族自治县,松桃苗族自治县,碧江,万山,江口,玉屏侗族自治,石阡,思南,印江土家族苗族自治,德江,沿河土家族自治,松桃苗族自治"
  },
  {
    "code": "5223",
    "word": "兴义市,兴仁市,普安县,晴隆县,贞丰县,望谟县,册亨县,安龙县,兴义市,兴仁市,普安,晴隆,贞丰,望谟,册亨,安龙"
  },
  {
    "code": "5226",
    "word": "凯里市,黄平县,施秉县,三穗县,镇远县,岑巩县,天柱县,锦屏县,剑河县,台江县,黎平县,榕江县,从江县,雷山县,麻江县,丹寨县,凯里市,黄平,施秉,三穗,镇远,岑巩,天柱,锦屏,剑河,台江,黎平,榕江,从江,雷山,麻江,丹寨"
  },
  {
    "code": "5227",
    "word": "都匀市,福泉市,荔波县,贵定县,瓮安县,独山县,平塘县,罗甸县,长顺县,龙里县,惠水县,三都水族自治县,都匀市,福泉市,荔波,贵定,瓮安,独山,平塘,罗甸,长顺,龙里,惠水,三都水族自治"
  },
  {
    "code": "5301",
    "word": "五华区,盘龙区,官渡区,西山区,东川区,呈贡区,晋宁区,富民县,宜良县,石林彝族自治县,嵩明县,禄劝彝族苗族自治县,寻甸回族彝族自治县,安宁市,五华,盘龙,官渡,西山,东川,呈贡,晋宁,富民,宜良,石林彝族自治,嵩明,禄劝彝族苗族自治,寻甸回族彝族自治,安宁市"
  },
  {
    "code": "5303",
    "word": "麒麟区,沾益区,马龙区,陆良县,师宗县,罗平县,富源县,会泽县,宣威市,麒麟,沾益,马龙,陆良,师宗,罗平,富源,会泽,宣威市"
  },
  {
    "code": "5304",
    "word": "红塔区,江川区,澄江县,通海县,华宁县,易门县,峨山彝族自治县,新平彝族傣族自治县,元江哈尼族彝族傣族自治县,红塔,江川,澄江,通海,华宁,易门,峨山彝族自治,新平彝族傣族自治,元江哈尼族彝族傣族自治"
  },
  {
    "code": "5305",
    "word": "隆阳区,施甸县,龙陵县,昌宁县,腾冲市,隆阳,施甸,龙陵,昌宁,腾冲市"
  },
  {
    "code": "5306",
    "word": "昭阳区,鲁甸县,巧家县,盐津县,大关县,永善县,绥江县,镇雄县,彝良县,威信县,水富市,昭阳,鲁甸,巧家,盐津,大关,永善,绥江,镇雄,彝良,威信,水富市"
  },
  {
    "code": "5307",
    "word": "古城区,玉龙纳西族自治县,永胜县,华坪县,宁蒗彝族自治县,古城,玉龙纳西族自治,永胜,华坪,宁蒗彝族自治"
  },
  {
    "code": "5308",
    "word": "思茅区,宁洱哈尼族彝族自治县,墨江哈尼族自治县,景东彝族自治县,景谷傣族彝族自治县,镇沅彝族哈尼族拉祜族自治县,江城哈尼族彝族自治县,孟连傣族拉祜族佤族自治县,澜沧拉祜族自治县,西盟佤族自治县,思茅,宁洱哈尼族彝族自治,墨江哈尼族自治,景东彝族自治,景谷傣族彝族自治,镇沅彝族哈尼族拉祜族自治,江城哈尼族彝族自治,孟连傣族拉祜族佤族自治,澜沧拉祜族自治,西盟佤族自治"
  },
  {
    "code": "5309",
    "word": "临翔区,凤庆县,云县,永德县,镇康县,双江拉祜族佤族布朗族傣族自治县,耿马傣族佤族自治县,沧源佤族自治县,临翔,凤庆,永德,镇康,双江拉祜族佤族布朗族傣族自治,耿马傣族佤族自治,沧源佤族自治"
  },
  {
    "code": "5323",
    "word": "楚雄市,双柏县,牟定县,南华县,姚安县,大姚县,永仁县,元谋县,武定县,禄丰县,楚雄市,双柏,牟定,南华,姚安,大姚,永仁,元谋,武定,禄丰"
  },
  {
    "code": "5325",
    "word": "个旧市,开远市,蒙自市,弥勒市,屏边苗族自治县,建水县,石屏县,泸西县,元阳县,红河县,金平苗族瑶族傣族自治县,绿春县,河口瑶族自治县,个旧市,开远市,蒙自市,弥勒市,屏边苗族自治,建水,石屏,泸西,元阳,红河,金平苗族瑶族傣族自治,绿春,河口瑶族自治"
  },
  {
    "code": "5326",
    "word": "文山市,砚山县,西畴县,麻栗坡县,马关县,丘北县,广南县,富宁县,文山市,砚山,西畴,麻栗坡,马关,丘北,广南,富宁"
  },
  {
    "code": "5328",
    "word": "景洪市,勐海县,勐腊县,景洪市,勐海,勐腊"
  },
  {
    "code": "5329",
    "word": "大理市,漾濞彝族自治县,祥云县,宾川县,弥渡县,南涧彝族自治县,巍山彝族回族自治县,永平县,云龙县,洱源县,剑川县,鹤庆县,大理市,漾濞彝族自治,祥云,宾川,弥渡,南涧彝族自治,巍山彝族回族自治,永平,云龙,洱源,剑川,鹤庆"
  },
  {
    "code": "5331",
    "word": "瑞丽市,芒市,梁河县,盈江县,陇川县,瑞丽市,梁河,盈江,陇川"
  },
  {
    "code": "5333",
    "word": "泸水市,福贡县,贡山独龙族怒族自治县,兰坪白族普米族自治县,泸水市,福贡,贡山独龙族怒族自治,兰坪白族普米族自治"
  },
  {
    "code": "5334",
    "word": "香格里拉市,德钦县,维西傈僳族自治县,香格里拉市,德钦,维西傈僳族自治"
  },
  {
    "code": "5401",
    "word": "城关区,堆龙德庆区,达孜区,林周县,当雄县,尼木县,曲水县,墨竹工卡县,格尔木藏青工业园区,拉萨经济技术开发区,西藏文化旅游创意园区,达孜工业园区,城关,堆龙德庆,达孜,林周,当雄,尼木,曲水,墨竹工卡,格尔木藏青工业园,拉萨经济技术开发,西藏文化旅游创意园,达孜工业园"
  },
  {
    "code": "5402",
    "word": "桑珠孜区,南木林县,江孜县,定日县,萨迦县,拉孜县,昂仁县,谢通门县,白朗县,仁布县,康马县,定结县,仲巴县,亚东县,吉隆县,聂拉木县,萨嘎县,岗巴县,桑珠孜,南木林,江孜,定日,萨迦,拉孜,昂仁,谢通门,白朗,仁布,康马,定结,仲巴,亚东,吉隆,聂拉木,萨嘎,岗巴"
  },
  {
    "code": "5403",
    "word": "卡若区,江达县,贡觉县,类乌齐县,丁青县,察雅县,八宿县,左贡县,芒康县,洛隆县,边坝县,卡若,江达,贡觉,类乌齐,丁青,察雅,八宿,左贡,芒康,洛隆,边坝"
  },
  {
    "code": "5404",
    "word": "巴宜区,工布江达县,米林县,墨脱县,波密县,察隅县,朗县,巴宜,工布江达,米林,墨脱,波密,察隅"
  },
  {
    "code": "5405",
    "word": "乃东区,扎囊县,贡嘎县,桑日县,琼结县,曲松县,措美县,洛扎县,加查县,隆子县,错那县,浪卡子县,乃东,扎囊,贡嘎,桑日,琼结,曲松,措美,洛扎,加查,隆子,错那,浪卡子"
  },
  {
    "code": "5406",
    "word": "色尼区,嘉黎县,比如县,聂荣县,安多县,申扎县,索县,班戈县,巴青县,尼玛县,双湖县,色尼,嘉黎,比如,聂荣,安多,申扎,班戈,巴青,尼玛,双湖"
  },
  {
    "code": "5425",
    "word": "普兰县,札达县,噶尔县,日土县,革吉县,改则县,措勤县,普兰,札达,噶尔,日土,革吉,改则,措勤"
  },
  {
    "code": "6101",
    "word": "新城区,碑林区,莲湖区,灞桥区,未央区,雁塔区,阎良区,临潼区,长安区,高陵区,鄠邑区,蓝田县,周至县,新城,碑林,莲湖,灞桥,未央,雁塔,阎良,临潼,长安,高陵,鄠邑,蓝田,周至"
  },
  {
    "code": "6102",
    "word": "王益区,印台区,耀州区,宜君县,王益,印台,耀州,宜君"
  },
  {
    "code": "6103",
    "word": "渭滨区,金台区,陈仓区,凤翔县,岐山县,扶风县,眉县,陇县,千阳县,麟游县,凤县,太白县,渭滨,金台,陈仓,凤翔,岐山,扶风,千阳,麟游,太白"
  },
  {
    "code": "6104",
    "word": "秦都区,杨陵区,渭城区,三原县,泾阳县,乾县,礼泉县,永寿县,长武县,旬邑县,淳化县,武功县,兴平市,彬州市,秦都,杨陵,渭城,三原,泾阳,礼泉,永寿,长武,旬邑,淳化,武功,兴平市,彬州市"
  },
  {
    "code": "6105",
    "word": "临渭区,华州区,潼关县,大荔县,合阳县,澄城县,蒲城县,白水县,富平县,韩城市,华阴市,临渭,华州,潼关,大荔,合阳,澄城,蒲城,白水,富平,韩城市,华阴市"
  },
  {
    "code": "6106",
    "word": "宝塔区,安塞区,延长县,延川县,子长县,志丹县,吴起县,甘泉县,富县,洛川县,宜川县,黄龙县,黄陵县,宝塔,安塞,延长,延川,子长,志丹,吴起,甘泉,洛川,宜川,黄龙,黄陵"
  },
  {
    "code": "6107",
    "word": "汉台区,南郑区,城固县,洋县,西乡县,勉县,宁强县,略阳县,镇巴县,留坝县,佛坪县,汉台,南郑,城固,西乡,宁强,略阳,镇巴,留坝,佛坪"
  },
  {
    "code": "6108",
    "word": "榆阳区,横山区,府谷县,靖边县,定边县,绥德县,米脂县,佳县,吴堡县,清涧县,子洲县,神木市,榆阳,横山,府谷,靖边,定边,绥德,米脂,吴堡,清涧,子洲,神木市"
  },
  {
    "code": "6109",
    "word": "汉滨区,汉阴县,石泉县,宁陕县,紫阳县,岚皋县,平利县,镇坪县,旬阳县,白河县,汉滨,汉阴,石泉,宁陕,紫阳,岚皋,平利,镇坪,旬阳,白河"
  },
  {
    "code": "6110",
    "word": "商州区,洛南县,丹凤县,商南县,山阳县,镇安县,柞水县,商州,洛南,丹凤,商南,山阳,镇安,柞水"
  },
  {
    "code": "6201",
    "word": "城关区,七里河区,西固区,安宁区,红古区,永登县,皋兰县,榆中县,兰州新区,城关,七里河,西固,安宁,红古,永登,皋兰,榆中,兰州新"
  },
  {
    "code": "6202",
    "word": "嘉峪关市,嘉峪关市"
  },
  {
    "code": "6203",
    "word": "金川区,永昌县,金川,永昌"
  },
  {
    "code": "6204",
    "word": "白银区,平川区,靖远县,会宁县,景泰县,白银,平川,靖远,会宁,景泰"
  },
  {
    "code": "6205",
    "word": "秦州区,麦积区,清水县,秦安县,甘谷县,武山县,张家川回族自治县,秦州,麦积,清水,秦安,甘谷,武山,张家川回族自治"
  },
  {
    "code": "6206",
    "word": "凉州区,民勤县,古浪县,天祝藏族自治县,凉州,民勤,古浪,天祝藏族自治"
  },
  {
    "code": "6207",
    "word": "甘州区,肃南裕固族自治县,民乐县,临泽县,高台县,山丹县,甘州,肃南裕固族自治,民乐,临泽,高台,山丹"
  },
  {
    "code": "6208",
    "word": "崆峒区,泾川县,灵台县,崇信县,庄浪县,静宁县,华亭市,崆峒,泾川,灵台,崇信,庄浪,静宁,华亭市"
  },
  {
    "code": "6209",
    "word": "肃州区,金塔县,瓜州县,肃北蒙古族自治县,阿克塞哈萨克族自治县,玉门市,敦煌市,肃州,金塔,瓜州,肃北蒙古族自治,阿克塞哈萨克族自治,玉门市,敦煌市"
  },
  {
    "code": "6210",
    "word": "西峰区,庆城县,环县,华池县,合水县,正宁县,宁县,镇原县,西峰,庆城,华池,合水,正宁,镇原"
  },
  {
    "code": "6211",
    "word": "安定区,通渭县,陇西县,渭源县,临洮县,漳县,岷县,安定,通渭,陇西,渭源,临洮"
  },
  {
    "code": "6212",
    "word": "武都区,成县,文县,宕昌县,康县,西和县,礼县,徽县,两当县,武都,宕昌,西和,两当"
  },
  {
    "code": "6229",
    "word": "临夏市,临夏县,康乐县,永靖县,广河县,和政县,东乡族自治县,积石山保安族东乡族撒拉族自治县,临夏市,临夏,康乐,永靖,广河,和政,东乡族自治,积石山保安族东乡族撒拉族自治"
  },
  {
    "code": "6230",
    "word": "合作市,临潭县,卓尼县,舟曲县,迭部县,玛曲县,碌曲县,夏河县,合作市,临潭,卓尼,舟曲,迭部,玛曲,碌曲,夏河"
  },
  {
    "code": "6301",
    "word": "城东区,城中区,城西区,城北区,大通回族土族自治县,湟中县,湟源县,城东,城中,城西,城北,大通回族土族自治,湟中,湟源"
  },
  {
    "code": "6302",
    "word": "乐都区,平安区,民和回族土族自治县,互助土族自治县,化隆回族自治县,循化撒拉族自治县,乐都,民和回族土族自治,互助土族自治,化隆回族自治,循化撒拉族自治"
  },
  {
    "code": "6322",
    "word": "门源回族自治县,祁连县,海晏县,刚察县,门源回族自治,祁连,海晏,刚察"
  },
  {
    "code": "6323",
    "word": "同仁县,尖扎县,泽库县,河南蒙古族自治县,同仁,尖扎,泽库,河南蒙古族自治"
  },
  {
    "code": "6325",
    "word": "共和县,同德县,贵德县,兴海县,贵南县,共和,同德,贵德,兴海,贵南"
  },
  {
    "code": "6326",
    "word": "玛沁县,班玛县,甘德县,达日县,久治县,玛多县,玛沁,班玛,甘德,达日,久治,玛多"
  },
  {
    "code": "6327",
    "word": "玉树市,杂多县,称多县,治多县,囊谦县,曲麻莱县,玉树市,杂多,称多,治多,囊谦,曲麻莱"
  },
  {
    "code": "6328",
    "word": "格尔木市,德令哈市,茫崖市,乌兰县,都兰县,天峻县,大柴旦行政委员会,格尔木市,德令哈市,茫崖市,乌兰,都兰,天峻,大柴旦行政委员会"
  },
  {
    "code": "6401",
    "word": "兴庆区,西夏区,金凤区,永宁县,贺兰县,灵武市,兴庆,西夏,金凤,永宁,贺兰,灵武市"
  },
  {
    "code": "6402",
    "word": "大武口区,惠农区,平罗县,大武口,惠农,平罗"
  },
  {
    "code": "6403",
    "word": "利通区,红寺堡区,盐池县,同心县,青铜峡市,利通,红寺堡,盐池,同心,青铜峡市"
  },
  {
    "code": "6404",
    "word": "原州区,西吉县,隆德县,泾源县,彭阳县,原州,西吉,隆德,泾源,彭阳"
  },
  {
    "code": "6405",
    "word": "沙坡头区,中宁县,海原县,沙坡头,中宁,海原"
  },
  {
    "code": "6501",
    "word": "天山区,沙依巴克区,新市区,水磨沟区,头屯河区,达坂城区,米东区,乌鲁木齐县,乌鲁木齐经济技术开发区,乌鲁木齐高新技术产业开发区,天山,沙依巴克,新市,水磨沟,头屯河,达坂城,米东,乌鲁木齐,乌鲁木齐经济技术开发,乌鲁木齐高新技术产业开发"
  },
  {
    "code": "6502",
    "word": "独山子区,克拉玛依区,白碱滩区,乌尔禾区,独山子,克拉玛依,白碱滩,乌尔禾"
  },
  {
    "code": "6504",
    "word": "高昌区,鄯善县,托克逊县,高昌,鄯善,托克逊"
  },
  {
    "code": "6505",
    "word": "伊州区,巴里坤哈萨克自治县,伊吾县,伊州,巴里坤哈萨克自治,伊吾"
  },
  {
    "code": "6523",
    "word": "昌吉市,阜康市,呼图壁县,玛纳斯县,奇台县,吉木萨尔县,木垒哈萨克自治县,昌吉市,阜康市,呼图壁,玛纳斯,奇台,吉木萨尔,木垒哈萨克自治"
  },
  {
    "code": "6527",
    "word": "博乐市,阿拉山口市,精河县,温泉县,博乐市,阿拉山口市,精河,温泉"
  },
  {
    "code": "6528",
    "word": "库尔勒市,轮台县,尉犁县,若羌县,且末县,焉耆回族自治县,和静县,和硕县,博湖县,库尔勒经济技术开发区,库尔勒市,轮台,尉犁,若羌,且末,焉耆回族自治,和静,和硕,博湖,库尔勒经济技术开发"
  },
  {
    "code": "6529",
    "word": "阿克苏市,温宿县,库车县,沙雅县,新和县,拜城县,乌什县,阿瓦提县,柯坪县,阿克苏市,温宿,库车,沙雅,新和,拜城,乌什,阿瓦提,柯坪"
  },
  {
    "code": "6530",
    "word": "阿图什市,阿克陶县,阿合奇县,乌恰县,阿图什市,阿克陶,阿合奇,乌恰"
  },
  {
    "code": "6531",
    "word": "喀什市,疏附县,疏勒县,英吉沙县,泽普县,莎车县,叶城县,麦盖提县,岳普湖县,伽师县,巴楚县,塔什库尔干塔吉克自治县,喀什市,疏附,疏勒,英吉沙,泽普,莎车,叶城,麦盖提,岳普湖,伽师,巴楚,塔什库尔干塔吉克自治"
  },
  {
    "code": "6532",
    "word": "和田市,和田县,墨玉县,皮山县,洛浦县,策勒县,于田县,民丰县,和田市,和田,墨玉,皮山,洛浦,策勒,于田,民丰"
  },
  {
    "code": "6540",
    "word": "伊宁市,奎屯市,霍尔果斯市,伊宁县,察布查尔锡伯自治县,霍城县,巩留县,新源县,昭苏县,特克斯县,尼勒克县,伊宁市,奎屯市,霍尔果斯市,伊宁,察布查尔锡伯自治,霍城,巩留,新源,昭苏,特克斯,尼勒克"
  },
  {
    "code": "6542",
    "word": "塔城市,乌苏市,额敏县,沙湾县,托里县,裕民县,和布克赛尔蒙古自治县,塔城市,乌苏市,额敏,沙湾,托里,裕民,和布克赛尔蒙古自治"
  },
  {
    "code": "6543",
    "word": "阿勒泰市,布尔津县,富蕴县,福海县,哈巴河县,青河县,吉木乃县,阿勒泰市,布尔津,富蕴,福海,哈巴河,青河,吉木乃"
  },
  {
    "code": "6590",
    "word": "石河子市,阿拉尔市,图木舒克市,五家渠市,铁门关市,石河子市,阿拉尔市,图木舒克市,五家渠市,铁门关市"
  }
]